auto,post_id,eps,title,metadata,genres,year,image,quality,url
80,414503,8,PLUTO – Season 1,TMDb: 7.816|2023|N/A,Animation|Crime|Mystery|Sci-Fi & Fantasy,2023,https://m.media-amazon.com/images/M/MV5BODZkMmQ0MDAtZGUyMy00YWVmLWE5ZDItYjJmODFmNjI5YTY2XkEyXkFqcGdeQXVyMTEzMTI1Mjk3._V1_FMjpg_UY711_.jpg,,https://prmovies.loan/series/pluto-season-1/
79,414512,10,Zorro – Season 1,TMDb: 7.725|2024|N/A,Action|Adventure|Drama,2024,https://m.media-amazon.com/images/M/MV5BNmY0NTFlMTQtZDg5MC00ZDE0LWJmMGQtN2EyOTc3OWY4NTE4XkEyXkFqcGdeQXVyMTYzMDUzNjEw._V1_FMjpg_UY682_.jpg,,https://prmovies.loan/series/zorro-season-1/
78,414523,10,The White Queen – Season 1,TMDb: 7.357|2013|60 min,Drama|History|Romance,2013,https://m.media-amazon.com/images/M/MV5BMTA4ODgxMjEzNjNeQTJeQWpwZ15BbWU4MDY0MjAzMDAx._V1_FMjpg_UY675_.jpg,,https://prmovies.loan/series/the-white-queen-season-1/
77,414694,8,Sexy Beast – Season 1,TMDb: 7|2024|N/A,Crime|Drama|Thriller,2024,https://m.media-amazon.com/images/M/MV5BNWQwYTdiODQtZDFjOC00ODUxLWE1ZGUtNGMxOGNhZmYxNzNiXkEyXkFqcGdeQXVyMTM1NjM2ODg1._V1_FMjpg_UY711_.jpg,,https://prmovies.loan/series/sexy-beast-season-1/
76,414543,8,The Artful Dodger – Season 1,TMDb: 8.25|2023|49 min,Action|Adventure|Crime|Drama,2023,https://m.media-amazon.com/images/M/MV5BZTdkZWZkYTktM2FlYi00MWE2LWExYWYtNDE4NDA2MWRhNWUyXkEyXkFqcGdeQXVyMTM1NjM2ODg1._V1_FMjpg_UY600_.jpg,,https://prmovies.loan/series/the-artful-dodger-season-1/
75,414695,7,Interview with the Vampire – Season 1,TMDb: 7.155|2022|N/A,Drama|Fantasy|Horror,2022,https://m.media-amazon.com/images/M/MV5BMmJiMTA0ZDctMTQ1OS00Y2FhLWI4MjUtZWRkMmU5ZjA2MTM3XkEyXkFqcGdeQXVyMDM2NDM2MQ@@._V1_FMjpg_UY711_.jpg,,https://prmovies.loan/series/interview-with-the-vampire-season-1/
74,414676,8,Extraordinary – Season 2,TMDb: 7.4|2023|30 min,Action|Adventure|Comedy,2023,https://m.media-amazon.com/images/M/MV5BMDIxNTFiYmQtNjVjMC00ZDk4LTg0ZDItNGQ5ZWNkZmUyZGJiXkEyXkFqcGdeQXVyMjkwOTAyMDU@._V1_FMjpg_UY711_.jpg,,https://prmovies.loan/series/extraordinary-season-2/
73,414685,7,Boy Swallows Universe – Season 1,TMDb: 7.383|2024|N/A,Crime|Drama|Mystery,2024,https://m.media-amazon.com/images/M/MV5BMDg0YTJmMTAtOWEzYi00NDk1LTg5MmEtZWMwNjgxMGFjNzkyXkEyXkFqcGdeQXVyMTUwMjg2Nzg0._V1_FMjpg_UY738_.jpg,,https://prmovies.loan/series/boy-swallows-universe-season-1/
72,414026,,No Way Up (2024),IMDb: 5.0|2024|90 min,Action|Drama|Hollywood|Horror|Thriller,2024,https://m.media-amazon.com/images/M/MV5BMTEyOTQzZjgtMDM1OC00MWMxLWI2ZGUtYWUwOTQxNTRmZTU0XkEyXkFqcGdeQXVyNTU1MDIzMzg@._V1_FMjpg_UY600_.jpg,720p,https://prmovies.loan/no-way-up-2024-Watch-online-full-movie/
71,414047,,Summoning the Spirit (2023),IMDb: 5.4|2023|97 min,Drama|Hollywood|Horror|Mystery,2023,https://m.media-amazon.com/images/M/MV5BOTMxMzlhNWEtZTQyOC00YjZiLTkyMzQtYTY0NjM5OTJiY2YzXkEyXkFqcGdeQXVyMjMyNDM5MDU@._V1_FMjpg_UY693_.jpg,720p,https://prmovies.loan/summoning-the-spirit-2023-Watch-online-full-movie/
70,414028,,"Snoopy Presents: Welcome Home, Franklin (2024)",IMDb: 5.6|2024|39 min,Animation|Drama|Family|Hollywood,2024,https://m.media-amazon.com/images/M/MV5BNDg2NzMxNGItMGQzMS00ZjZiLWI1ODAtNjAwNGFiY2ZmZDAwXkEyXkFqcGdeQXVyNjM1MTg1MTQ@._V1_FMjpg_UY720_.jpg,720p,https://prmovies.loan/snoopy-presents-welcome-home-franklin-2024-Watch-online-full-movie/
69,414045,,History of Evil (2024),IMDb: 4.2|2024|N/A,Drama|Hollywood|Horror|Thriller,2024,https://m.media-amazon.com/images/M/MV5BNTQ5OWZmNTktMGVhNS00NzA4LWIzNjgtMzg4NDA3MzI3MzA2XkEyXkFqcGdeQXVyMTkxNjUyNQ@@._V1_FMjpg_UY708_.jpg,720p,https://prmovies.loan/history-of-evil-2024-Watch-online-full-movie/
68,414053,,Safehouse (2023),IMDb: 5.8|2023|87 min,Action|Crime|Drama|Hollywood|Thriller|TV Movie,2023,https://m.media-amazon.com/images/M/MV5BMTZmNWY3OTEtNmQwMy00MDgwLThlZTAtM2M4MmFlZDEyN2JhXkEyXkFqcGdeQXVyNDA1NDA2NTk@._V1_FMjpg_UY719_.jpg,720p,https://prmovies.loan/safehouse-2023-Watch-online-full-movie/
67,414055,,La Madre (2024),IMDb: 5.2|2024|89 min,Action|Drama|Hollywood|Thriller,2024,https://m.media-amazon.com/images/M/MV5BZmYwNmQzMWMtNWEzYS00YjkwLTgxYzYtMGI1NjQxODkxNGYxXkEyXkFqcGdeQXVyMTYzNjgxNDA4._V1_FMjpg_UY688_.jpg,720p,https://prmovies.loan/la-madre-2024-Watch-online-full-movie/
66,414049,,The Goldman Case (2023),IMDb: 7.3|2023|115 min,Crime|Drama|History|Hollywood,2023,https://m.media-amazon.com/images/M/MV5BZTkzY2UxMzMtMTQyYy00NGI5LWFjMDItNmViNzJhYTA4YzU1XkEyXkFqcGdeQXVyNDgzNjg5Nw@@._V1_FMjpg_UY640_.jpg,720p,https://prmovies.loan/the-goldman-case-2023-Watch-online-full-movie/
65,414350,,Kung Fu Panda 4 (2024),IMDb: 6.6|2024|94 min,Action|Adventure|Animation|Comedy|Drama|Family|Hollywood,2024,https://m.media-amazon.com/images/M/MV5BN2I3YmM4ZmMtOTU5ZS00ZDQ0LTg1M2MtYTlmNzM0Njk2OGJkXkEyXkFqcGdeQXVyNzAwMjU2MTY@._V1_FMjpg_UY705_.jpg,SD,https://prmovies.loan/kung-fu-panda-4-2024-Watch-online-full-movie/
64,414378,,Thand Ka Maza (2024) Season 1 Episode 4 (Bigshots Originals),IMDb: 6.3|2024|18 min,TV Shows,2024,https://m.media-amazon.com/images/M/MV5BMWNiOTM0ZmYtZTM2MS00ODM3LTg4MzItYjc4ZGI5OTg5M2ZkXkEyXkFqcGdeQXVyMTY5NTc5MTY2._V1_FMjpg_UY480_.jpg,18+,https://prmovies.loan/thand-ka-maza-2024-season-1-episode-4-bigshots-originals-Watch-online-full-movie/
63,414760,,Tapish (2024) Season 1 Episode 2 (HuntCinema Originals),IMDb: 6.3|2024|18 min,TV Shows,2024,https://m.media-amazon.com/images/M/MV5BZGU2ODkyNWYtZTVkMC00OTljLWEwZDQtMGEzZmI3M2JlZDdmXkEyXkFqcGdeQXVyMTY5NTc5MTY2._V1_FMjpg_UY450_.jpg,18+,https://prmovies.loan/tapish-2024-season-1-episode-2-huntcinema-originals-Watch-online-full-movie/
62,414761,,Tadap (2024) Season 1 Part 1 (TadkaPrime Originals),IMDb: 5.6|2024|43 min,TV Shows,2024,https://imego.lat/ib/974KqgxdEu.jpg,18+,https://prmovies.loan/tadap-2024-season-1-part-1-tadkaprime-originals-Watch-online-full-movie/
61,414387,,Power (2024) Season 1 Episode 4 (HitPrime Originals),IMDb: 6.3|2024|18 min,TV Shows,2024,https://m.media-amazon.com/images/M/MV5BMjZjZGU3ZTQtZjA5Yy00ZTM3LWE4YmMtNzE5ZTA0MWM2YTNiXkEyXkFqcGdeQXVyMTY5NTc5MTY2._V1_FMjpg_UY480_.jpg,18+,https://prmovies.loan/power-2024-season-1-episode-4-hitprime-originals-Watch-online-full-movie/
60,414383,,Mohini Massage Parlour (2024) Season 1 Episode 2 (Battameez Originals),IMDb: 6.3|2024|18 min,TV Shows,2024,https://imego.lat/ib/rM1H9tsk9o.jpg,18+,https://prmovies.loan/mohini-massage-parlour-2024-season-1-episode-2-battameez-originals-Watch-online-full-movie/
59,414762,,Dhandha (2024) Season 1 Episode 3 (MoodX Originals) Uncut,IMDb: 5.6|2024|30 min,TV Shows,2024,https://imego.lat/ib/wy3f72KX5k.jpg,18+,https://prmovies.loan/dhandha-2024-season-1-episode-3-moodx-originals-uncut-Watch-online-full-movie/
58,414708,,Kavita Bhabhi (2024) Season 4 Part 1 (Ullu Originals),IMDb: 6.3|2024|61 min,TV Shows,2024,https://imego.lat/ib/tGAtCDgNZC.jpg,18+,https://prmovies.loan/kavita-bhabhi-2024-season-4-part-1-ullu-originals-Watch-online-full-movie/
57,414780,,Kavita Bhabhi (2024) Season 4 Part 2 (Ullu Originals),IMDb: 6.3|2024|46 min,TV Shows,2024,https://imego.lat/ib/eHdIKCmKuw.jpg,18+,https://prmovies.loan/kavita-bhabhi-2024-season-4-part-2-ullu-originals-Watch-online-full-movie/
56,414707,,Murderer (2014) Hindi Dubbed,IMDb: 5.1|2014|75 min,Crime|Drama|Dual Audio|Thriller,2014,https://m.media-amazon.com/images/M/MV5BYTQzNTkxNTUtMzYyNC00ZGUzLWI2OTUtMDc5ZmJmZDNkZWYzXkEyXkFqcGdeQXVyOTExODQ3OQ@@._V1_FMjpg_UX394_.jpg,HINDI,https://prmovies.loan/murderer-2014-hindi-dubbed-Watch-online-full-movie/
55,414723,,Pearl (2022) Hindi Dubbed,IMDb: 7.0|2022|103 min,Drama|Dual Audio|Horror,2022,https://m.media-amazon.com/images/M/MV5BOTZjNzU1MjctZjg3MS00YzFkLWEwM2ItYTEyOTlkYjQyN2FkXkEyXkFqcGdeQXVyMTU2Mjg2NjE2._V1_FMjpg_UY711_.jpg,HINDI,https://prmovies.loan/pearl-2022-hindi-dubbed-Watch-online-full-movie/
54,414739,,Dragon Master (2020) Hindi Dubbed,IMDb: 5.6|2020|76 min,Action|Drama|Dual Audio,2020,https://m.media-amazon.com/images/M/MV5BNmNlODk3MWItNzAzOS00ZjljLWExYmYtNTg1YjJlMTZiYzljXkEyXkFqcGdeQXVyMTMyMTYwOTI0._V1_FMjpg_UY678_.jpg,HINDI,https://prmovies.loan/dragon-master-2020-hindi-dubbed-Watch-online-full-movie/
53,414305,,The Holdovers (2023) Hindi Dubbed,IMDb: 8.0|2023|133 min,Comedy|Drama|Dual Audio,2023,https://m.media-amazon.com/images/M/MV5BNzk3ZmUxMzctMzYwOC00OTQ3LTgxMmItNDcwNjcyOTQ2Nzk0XkEyXkFqcGdeQXVyMTEyMjM2NDc2._V1_FMjpg_UY711_.jpg,HINDI,https://prmovies.loan/the-holdovers-2023-hindi-dubbed-Watch-online-full-movie/
52,414741,,Virgin Forest (2022) Hindi Dubbed,IMDb: 5.1|2022|113 min,Crime|Drama|Dual Audio|Erotic Movies|Thriller,2022,https://m.media-amazon.com/images/M/MV5BODgzNDM2YmMtZGIyMi00Y2U1LWE4ZmYtNTZmOGI5NTgzNWQwXkEyXkFqcGdeQXVyNTI5NjIyMw@@._V1_FMjpg_UY720_.jpg,HINDI,https://prmovies.loan/virgin-forest-2022-hindi-dubbed-Watch-online-full-movie/
51,414763,,The Back-up Plan (2010) Hindi Dubbed,IMDb: 5.3|2010|104 min,Comedy|Drama|Dual Audio|Romance,2010,https://m.media-amazon.com/images/M/MV5BNjAzODM4NTc1OF5BMl5BanBnXkFtZTcwNDU2ODUzMw@@._V1_FMjpg_UY500_.jpg,HINDI,https://prmovies.loan/the-back-up-plan-2010-hindi-dubbed-Watch-online-full-movie/
50,414764,,River God Water Strange Story (2023) Hindi Dubbed,IMDb: 6.3|2023|92 min,Action|Drama|Dual Audio|Fantasy,2023,https://m.media-amazon.com/images/M/MV5BY2Y3ZTZmOTAtODgyNC00YzU0LWEzYTItZWFhNGY5YWRiNjI4XkEyXkFqcGdeQXVyNjQ2MjM1OTk@._V1_FMjpg_UX391_.jpg,HINDI,https://prmovies.loan/river-god-water-strange-story-2023-hindi-dubbed-Watch-online-full-movie/
49,414765,,Downsizing (2017) Hindi Dubbed,IMDb: 5.8|2017|135 min,Drama|Dual Audio|Science Fiction,2017,https://m.media-amazon.com/images/M/MV5BMTI4ZWYyMDMtZmZlZC00MzBiLWE1MTEtZDkwMmM1YzkzNTc2XkEyXkFqcGdeQXVyMTQyMTMwOTk0._V1_FMjpg_UY720_.jpg,HINDI,https://prmovies.loan/downsizing-2017-hindi-dubbed-Watch-online-full-movie/
48,414720,,To Kill a Tiger (2022),IMDb: 7.5|2022|125 min,Bollywood|Documentary|Drama,2022,https://m.media-amazon.com/images/M/MV5BMWQ4NjMwYTUtNjE0OC00MTYyLWE4MGQtYTEzNjYwZTA3NDM4XkEyXkFqcGdeQXVyMzM2Mzc4NTU@._V1_FMjpg_UY600_.jpg,HINDI,https://prmovies.loan/to-kill-a-tiger-2022-Watch-online-full-movie/
47,52919,,Badal (2000),IMDb: 4.9|2000|166 min,Action|Bollywood|Crime|Drama,2000,https://m.media-amazon.com/images/M/MV5BNWNhOTAwOGItM2VjNC00NDk1LWI4ZGQtZGJkYjQ5NjA0NGQ2XkEyXkFqcGdeQXVyNDUzOTQ5MjY@._V1_FMjpg_UY669_.jpg,HINDI,https://prmovies.loan/badal-2000-Watch-online-full-movie/
46,62107,,Murder 2 (2011),IMDb: 6.2|2011|127 min,Action|Bollywood|Crime|Drama|Thriller,2011,https://m.media-amazon.com/images/M/MV5BMTg0NDcwMTEyNV5BMl5BanBnXkFtZTcwNTk1OTc4NQ@@._V1_FMjpg_UY670_.jpg,HINDI,https://prmovies.loan/murder-2-2011-Watch-online-full-movie/
45,178585,,Murder (2004),IMDb: 5.4|2004|130 min,Bollywood|Crime|Drama|Music|Romance|Thriller,2004,https://m.media-amazon.com/images/M/MV5BYzA0YjM3NjMtZTQ3My00NjA2LWJmZWUtNDY2ZDdjODg5YTRlXkEyXkFqcGdeQXVyODE5NzE3OTE@._V1_FMjpg_UY694_.jpg,HINDI,https://prmovies.loan/murder-2004-Watch-online-full-movie/
44,37209,,Ranbanka (2015),IMDb: 3.6|2015|98 min,Action|Bollywood|Crime|Drama|Thriller,2015,https://m.media-amazon.com/images/M/MV5BNjNjMDVjNDUtOWQ5ZS00MjliLTg1OGUtZjA5ZTk4ZDg5ZDIxXkEyXkFqcGdeQXVyNDY5MTUyNjU@._V1_FMjpg_UY639_.jpg,HINDI,https://prmovies.loan/ranbanka-2015-Watch-online-full-movie/
43,52825,,Kabhi Haan Kabhi Naa (1994),IMDb: 7.8|1994|158 min,Bollywood|Comedy|Drama,1994,https://m.media-amazon.com/images/M/MV5BYmFjYTRmMzctNWU5YS00MjY2LTg4Y2EtZDZkMWI0YjIzMjVlXkEyXkFqcGdeQXVyODE5NzE3OTE@._V1_FMjpg_UX725_.jpg,HINDI,https://prmovies.loan/kabhi-haan-kabhi-naa-1994-Watch-online-full-movie/
42,279,,Hawas (2004),IMDb: 2.9|2004|123 min,Bollywood|Drama|Romance|Thriller,2004,https://m.media-amazon.com/images/M/MV5BMWYxMTA5YWQtNGU1Zi00N2I5LTg1ZmItYjNhNWQ3ZjA5MTNlXkEyXkFqcGdeQXVyNjQ2MjQ5NzM@._V1_.jpg,HINDI,https://prmovies.loan/hawas-Watch-online-full-movie/
41,6015,,Tamasha (2015),IMDb: 7.3|2015|139 min,Bollywood|Comedy|Drama|Romance,2015,https://m.media-amazon.com/images/M/MV5BMzA0YzQzODctMDllYi00Nzk0LWIxNjQtNjAxMTZkY2YzMjlkXkEyXkFqcGdeQXVyMTA4NjE0NjEy._V1_FMjpg_UY695_.jpg,HINDI,https://prmovies.loan/tamasha-2015-Watch-online-full-movie/
40,414092,,Kaagaz 2 (2024),IMDb: 5.6|2024|118 min,Bollywood|Drama|Thriller|Top Rated,2024,https://m.media-amazon.com/images/M/MV5BODUwNTQwNGMtNjZmNi00ZTM2LWI4ZDEtNjc2NzQzYmYzZWRkXkEyXkFqcGdeQXVyODE5NzE3OTE@._V1_FMjpg_UY693_.jpg,HINDI,https://prmovies.loan/kaagaz-2-2024-Watch-online-full-movie/
39,414084,,Furies (2024) Season 1 Hindi Dubbed (Netflix),IMDb: 6.8|2024|300 min,Action|Crime|Drama|Top Rated|Web Series,2024,https://m.media-amazon.com/images/M/MV5BNGZjNDllM2MtYTBhNC00YTBiLWEwOGEtZDllYmM4YjQyOTk2XkEyXkFqcGdeQXVyMDc5ODIzMw@@._V1_FMjpg_UY710_.jpg,HINDI,https://prmovies.loan/furies-2024-season-1-hindi-dubbed-netflix-Watch-online-full-movie/
38,414094,,Dange (2024),IMDb: 6.3|2024|149 min,Action|Bollywood|Drama|Thriller|Top Rated,2024,https://m.media-amazon.com/images/M/MV5BOGNiMTAyYjQtZTJiZS00NDZjLTk1NTktNzc2NDlhNDgzYzAwXkEyXkFqcGdeQXVyMTE0MTY2Mzk2._V1_FMjpg_UY600_.jpg,HINDI,https://prmovies.loan/dange-2024-Watch-online-full-movie/
37,411941,,Eagle (2024) Hindi Dubbed,IMDb: 8.5|2024|146 min,Action|Drama|Dual Audio|South Special|Thriller|Top Rated,2024,https://m.media-amazon.com/images/M/MV5BZTI3N2M5N2EtMzg1Zi00N2VlLTliYjEtY2Y3YTgwNTA3NTJiXkEyXkFqcGdeQXVyMTU4NDUzMjAx._V1_FMjpg_UY703_.jpg,HINDI,https://prmovies.loan/eagle-2024-hindi-dubbed-Watch-online-full-movie/
36,414253,,Maharani (2024) Season 3 (SonyLIV Original),IMDb: 7.9|2024|354 min,Crime|Drama|Top Rated|Web Series,2024,https://m.media-amazon.com/images/M/MV5BZmZiOGM4MWUtNzRlNy00ZTM5LTk3ZWItNTdlNzY5NDFmMWVjXkEyXkFqcGdeQXVyMTQ3MjEzMTIw._V1_FMjpg_UY600_.jpg,HINDI,https://prmovies.loan/maharani-2024-season-3-sonyliv-original-Watch-online-full-movie/
35,407370,,Merry Christmas (2024),IMDb: 5.3|2024|138 min,Bollywood|Drama|Thriller|Top Rated,2024,https://m.media-amazon.com/images/M/MV5BYzFmOGU0ODItZDdlZi00Y2Q3LWI1NGQtMDkzNzM0MzdiNWU3XkEyXkFqcGdeQXVyMTY1NDY4NTIw._V1_FMjpg_UY576_.jpg,HINDI,https://prmovies.loan/merry-christmas-2024-Watch-online-full-movie/
34,407367,,Captain Miller (2024) Hindi Dubbed,IMDb: 5.6|2024|160 min,Action|Adventure|Crime|Drama|Dual Audio|South Special|Top Rated,2024,https://m.media-amazon.com/images/M/MV5BODUzMDhjMDItMGNiOS00NzBlLTljMDItZjUwM2M4ZDBlNzc4XkEyXkFqcGdeQXVyMTUzNTgzNzM0._V1_FMjpg_UY788_.jpg,HINDI,https://prmovies.loan/captain-miller-2024-hindi-dubbed-Watch-online-full-movie/
33,414300,,Showtime (2024) Season 1 (Hotstar Specials),IMDb: 6.3|2024|160 min,Crime|Drama|Thriller|Top Rated|Web Series,2024,https://imego.lat/ib/xOPNWch2F1.jpg,HINDI,https://prmovies.loan/showtime-2024-season-1-hotstar-specials-Watch-online-full-movie/
32,64726,,Doragon bôru chô: Burorî – Dragon Ball Super: Broly (2018),IMDb: 9.7|2018|100 min,Action|Adventure|Animation|Hollywood|Science Fiction,2018,"https://m.media-amazon.com/images/M/MV5BNzAwZjY2YzQtNDg1Zi00MTUzLTk2YzctNGExMWY4MjI4MWU4XkEyXkFqcGdeQXVyMzM4MjM0Nzg@._V1_SY1000_CR0,0,709,1000_AL_.jpg",720p,https://prmovies.loan/doragon-boru-cho-burori-dragon-ball-super-broly-2018-Watch-online-full-movie/
31,316468,,Cyber Vaar (2022) Season 1 (Voot Originals),IMDb: 9.7|2022|44 min,Crime|Mystery|Thriller|Web Series,2022,https://m.media-amazon.com/images/M/MV5BMDljZDA3ZWEtN2M5OC00NWM3LWFlYTEtYWZlNWJjYjAyMWIyXkEyXkFqcGdeQXVyMTE0MzY0NjE1._V1_FMjpg_UY576_.jpg,HINDI,https://prmovies.loan/cyber-vaar-2022-season-1-voot-originals-Watch-online-full-movie/
30,287475,,The Lady of Heaven (2021),IMDb: 9.8|2021|141 min,Action|Drama|History|Hollywood,2021,https://m.media-amazon.com/images/M/MV5BMzZjMGRlYzYtMTljNS00MGQ0LTg2ZDYtZDJhMjViMWI0YzA0XkEyXkFqcGdeQXVyMTAyMDUwNDMy._V1_FMjpg_UY720_.jpg,720p,https://prmovies.loan/the-lady-of-heaven-2021-Watch-online-full-movie/
29,83975,,Booo: Sabki Phategi (2019) Season 1 (AltBalaji),IMDb: 9.8|2019|155 min,Comedy|Drama|Horror|Romance|Web Series,2019,https://m.media-amazon.com/images/M/MV5BMTQ1ZDJjYjEtZmNjMS00NTAzLTllMmEtZTE2MmQ5YWY3YWJiXkEyXkFqcGdeQXVyODI2MzM0MTM@._V1_QL50_SY1000_SX1000_AL_.jpg,HINDI,https://prmovies.loan/booo-sabki-phategi-2019-season-1-complete-Watch-online-full-movie/
28,47085,,Animal Crackers (2018),IMDb: 9.8|2018|94 min,Adventure|Animation|Comedy|Hollywood,2018,https://m.media-amazon.com/images/M/MV5BMjA0MjMzODk0Ml5BMl5BanBnXkFtZTgwMzY1MTY4NDM@._V1_SY1000_SX674_AL_.jpg,720p,https://prmovies.loan/animal-crackers-2018-Watch-online-full-movie/
27,341398,,Maarrich (2022),IMDb: 9.8|2022|106 min,Bollywood|Crime|Thriller,2022,https://m.media-amazon.com/images/M/MV5BZWVjYWJkNTQtYjY3Mi00MGRmLTkxNDItYjdlM2JlNzc5Mjk1XkEyXkFqcGdeQXVyOTI3MzI4MzA@._V1_FMjpg_UY541_.jpg,HINDI,https://prmovies.loan/maarrich-2022-Watch-online-full-movie/
26,48509,,Epidemic (2018),IMDb: 9.8|2018|71 min,Hollywood|Horror,2018,https://image.tmdb.org/t/p/w185/bg2A8j4nJT6qIMgNlyygJjPFVLi.jpg,720p,https://prmovies.loan/epidemic-2018-Watch-online-full-movie/
25,80724,,Best in Sex: 2019 AVN Awards (2019),IMDb: 9.8|2019|85 min,Drama|Erotic Movies|Hollywood,2019,https://image.tmdb.org/t/p/w185/52r2XpxAy9FzhvttIQiWd3yxZkW.jpg,18+,https://prmovies.loan/best-in-sex-2019-avn-awards-2019-Watch-online-full-movie/
24,401675,,Game Of Thrones (2014) Season 4 Hindi Dubbed,IMDb: 9.9|2014|546 min,Action|Adventure|Drama|Fantasy|Web Series,2014,https://image.tmdb.org/t/p/w600_and_h900_bestv2/u3bZgnGQ9T01sWNhyveQz0wH0Hl.jpg,HINDI,https://prmovies.loan/game-of-thrones-2014-season-4-hindi-dubbed-Watch-online-full-movie/
23,401676,,Game Of Thrones (2013) Season 3 Hindi Dubbed,IMDb: 9.9|2013|556 min,Action|Adventure|Drama|Fantasy|Web Series,2013,https://www.themoviedb.org/t/p/w600_and_h900_bestv2/bk7SJsNtVP97faavetnurgXdrOF.jpg,HINDI,https://prmovies.loan/game-of-thrones-2013-season-3-hindi-dubbed-Watch-online-full-movie/
22,333442,,Judaa Hoke Bhi (2022),IMDb: 9.9|2022|121 min,Bollywood|Horror,2022,https://m.media-amazon.com/images/M/MV5BM2M5MDdjY2UtOTk1Mi00MzY5LTk0MmUtMzNmYzI3NzMwNGExXkEyXkFqcGdeQXVyNTc0MjY0NTM@._V1_FMjpg_UY576_.jpg,HINDI,https://prmovies.loan/judaa-hoke-bhi-2022-Watch-online-full-movie/
21,382951,,Mission Raniganj (2023),IMDb: 9.9|2023|N/A,Action|Biography|Bollywood|Drama|Thriller,2023,https://m.media-amazon.com/images/M/MV5BMmY4NTkxYzYtNWFlYi00NWI2LWE1ZDgtMGJlY2UwZDZkODFkXkEyXkFqcGdeQXVyODE5NzE3OTE@._V1_FMjpg_UY600_.jpg,HINDI,https://prmovies.loan/mission-raniganj-2023-Watch-online-full-movie/
20,214801,,Son (2021),IMDb: 53|2021|98 min,Drama|Hollywood|Horror|Thriller,2021,https://m.media-amazon.com/images/M/MV5BMTA3MTFhMDctNDc1MC00ZmNiLWFjN2EtNzI1ZDk4MjRjNDI4XkEyXkFqcGdeQXVyODkwMTIyNTQ@._V1_FMjpg_UX480_.jpg,720p,https://prmovies.loan/son-2021-Watch-online-full-movie/
19,372791,,Chimp Empire (2023) Season 1 Hindi Dubbed (Netflix),IMDb: 58|2023|192 min,Documentary|Web Series,2023,https://m.media-amazon.com/images/M/MV5BYzBlOWVkNzgtM2UxNy00MDVlLWFkZTgtNTNiN2I5NmRlNjBhXkEyXkFqcGdeQXVyMTUyNjc3NDQ4._V1_FMjpg_UY720_.jpg,HINDI,https://prmovies.loan/chimp-empire-2023-season-1-hindi-dubbed-netflix-Watch-online-full-movie/
18,410721,,Fear the Walking Dead (2024) Season 8 Hindi Dubbed,IMDb: 83|2024|552 min,Drama|Dual Audio|Sci-fi|Web Series,2024,https://m.media-amazon.com/images/M/MV5BMzg1MjUwNTYzMF5BMl5BanBnXkFtZTgwMTk5MjU5MjI@._V1_FMjpg_UY547_.jpg,HINDI,https://prmovies.loan/fear-the-walking-dead-2024-season-8-hindi-dubbed-Watch-online-full-movie/
17,234340,,Sardar Ka Grandson (2021),IMDb: 402|2021|139 min,Bollywood|Comedy|Drama|Family|Romance|Top Rated,2021,https://m.media-amazon.com/images/M/MV5BZmFmNzA0MTQtYWRlMC00Njg0LTg0ZTYtNjlmMTVkMjMzZmI1XkEyXkFqcGdeQXVyMTI1NDAzMzM0._V1_FMjpg_UX615_.jpg,HINDI,https://prmovies.loan/sardar-ka-grandson-2021-Watch-online-full-movie/
16,414251,,Supersex (2024) Season 1 Hindi Dubbed (Netflix),IMDb: 5.6|2024|354 min,Biography|Drama|History|Web Series,2024,https://imego.lat/ib/8ZhRi9Tniv.jpg,HINDI,https://prmovies.loan/supersex-2024-season-1-hindi-dubbed-netflix-Watch-online-full-movie/
15,412094,,Raisinghani vs Raisinghani (2024) Season 1 (SonyLIV Original),IMDb: 6.3|2024|77 min,Drama|Family|Web Series,2024,https://m.media-amazon.com/images/M/MV5BYjI5NmM5MWMtMmQxZC00ZDhhLTliY2ItOTc2ZGJlMDk5NjFkXkEyXkFqcGdeQXVyODAzNzAwOTU@._V1_FMjpg_UY720_.jpg,HINDI,https://prmovies.loan/raisinghani-vs-raisinghani-2024-season-1-sonyliv-original-2-Watch-online-full-movie/
14,414266,,Angithee 3 (2024),IMDb: 5.6|2024|79 min,Bollywood|Drama|Romance,2024,https://imego.lat/ib/gkOGnHti4Q.jpg,HINDI,https://prmovies.loan/angithee-3-2024-Watch-online-full-movie/
13,414407,,Badi Heroine Banti Hai (2024) Season 2 (Amazon Prime),IMDb: 5.6|2024|249 min,Drama|Romance|Web Series,2024,https://m.media-amazon.com/images/M/MV5BMGZlYWMyYjktOGZiNS00ZDc4LTlkMTgtNDcxZTNhZWI0MTViXkEyXkFqcGdeQXVyMTcwNjY4MTg0._V1_FMjpg_UY600_.jpg,HINDI,https://prmovies.loan/badi-heroine-banti-hai-2024-season-2-amazon-prime-Watch-online-full-movie/
12,414347,,Damsel (2024) Hindi Dubbed,IMDb: 6.6|2024|108 min,Action|Adventure|Drama|Dual Audio|Fantasy,2024,https://m.media-amazon.com/images/M/MV5BZWM0ZDVlMDgtNDdhMy00NWVlLWE1MmItNmViODMzNmUyMDU2XkEyXkFqcGdeQXVyMTkxNjUyNQ@@._V1_FMjpg_UY711_.jpg,HINDI,https://prmovies.loan/damsel-2024-hindi-dubbed-Watch-online-full-movie/
11,414734,,Tera Kya Hoga Lovely (2024),IMDb: 5.6|2024|133 min,Bollywood|Comedy|Drama|Family|Romance,2024,https://m.media-amazon.com/images/M/MV5BNmE5NWMwNTEtYzYzNS00OWU3LTk1YzQtZTVlZjMxNThiMDRkXkEyXkFqcGdeQXVyODE5NzE3OTE@._V1_FMjpg_UY599_.jpg,HINDI,https://prmovies.loan/tera-kya-hoga-lovely-2024-Watch-online-full-movie/
10,414733,,The Gentlemen (2024) Season 1 Hindi Dubbed (Netflix),IMDb: 5.6|2024|401 min,Action|Comedy|Drama|Web Series,2024,https://m.media-amazon.com/images/M/MV5BNTEzZTI4Y2UtNmE4Yy00MGQ5LWJiMzQtYzZkOTIxMjNiZGY1XkEyXkFqcGdeQXVyMTMzNzIyNDc1._V1_FMjpg_UX450_.jpg,HINDI,https://prmovies.loan/the-gentlemen-2024-season-1-hindi-dubbed-netflix-Watch-online-full-movie/
9,414738,,Turning Point: The Bomb and the Cold War (2024) Season 1 Hindi Dubbed (Netflix),IMDb: 6.6|2024|617 min,Documentary|Web Series,2024,https://m.media-amazon.com/images/M/MV5BOGZmZTU1MGMtOWI2OC00NmQ1LTgwZDItNzFlNmYwOTNlMDdiXkEyXkFqcGdeQXVyNDg0NjMwNDY@._V1_FMjpg_UY720_.jpg,HINDI,https://prmovies.loan/turning-point-the-bomb-and-the-cold-war-2024-season-1-hindi-dubbed-netflix-Watch-online-full-movie/
8,414737,,Love Adhura (2024) Season 1 Hindi Dubbed (Amazon Prime),IMDb: 5.6|2024|119 min,Drama|Romance|Web Series,2024,https://m.media-amazon.com/images/M/MV5BMjVhZTE2YjktNTUxYy00YTBiLTg1YjgtN2UzZTJjNWM1NGRiXkEyXkFqcGdeQXVyMTcwNjY4MTg0._V1_FMjpg_UY853_.jpg,HINDI,https://prmovies.loan/love-adhura-2024-season-1-hindi-dubbed-amazon-prime-Watch-online-full-movie/
7,414743,,Kannagi (2023) Hindi Dubbed,IMDb: 5.6|2024|158 min,Drama|Dual Audio|Romance|South Special,2024,https://m.media-amazon.com/images/M/MV5BNzkzYWYwMTItYTIyMS00OGQ0LWI4YjgtOWU4YTY2ODJhNjg5XkEyXkFqcGdeQXVyMTA4MzQ4NzMw._V1_FMjpg_UY709_.jpg,HINDI,https://prmovies.loan/kannagi-2023-hindi-dubbed-Watch-online-full-movie/
6,414766,,Big Girls Don’t Cry (BGDC) (2024) Season 1 (Amazon Prime),IMDb: 5.6|2024|353 min,Drama|Fantasy|Web Series,2024,https://m.media-amazon.com/images/M/MV5BZmMyNjJiMTYtNTM5Ni00NGU0LTllMTMtOTNmYzUxOWQwMWEyXkEyXkFqcGdeQXVyMTQ3Mzk2MDg4._V1_FMjpg_UY576_.jpg,HINDI,https://prmovies.loan/big-girls-dont-cry-bgdc-2024-season-1-amazon-prime-Watch-online-full-movie/
5,414755,,Bandidos (2024) Season 1 Hindi Dubbed (Netflix),IMDb: 6.3|2024|320 min,Action|Adventure|Crime|Web Series,2024,https://m.media-amazon.com/images/M/MV5BZjg4ZTM0ODYtZGRiYy00MjdhLWJkMDItOTM4NTNjYjk1NzQ4XkEyXkFqcGdeQXVyMDc5ODIzMw@@._V1_FMjpg_UY710_.jpg,HINDI,https://prmovies.loan/bandidos-2024-season-1-hindi-dubbed-netflix-Watch-online-full-movie/
4,414768,,Main Atal Hoon (2024),IMDb: 8.6|2024|133 min,Biography|Bollywood|Drama,2024,https://m.media-amazon.com/images/M/MV5BOThmZTZlZjktNDZjNi00NGFmLWFlMGQtNDM0MzRhYWJhOGZjXkEyXkFqcGdeQXVyMTQ3Mzk2MDg4._V1_FMjpg_UY599_.jpg,HINDI,https://prmovies.loan/main-atal-hoon-2024-Watch-online-full-movie/
3,414340,,Shaitaan (2024),IMDb: 8.4|2024|128 min,Bollywood|Drama|Horror|Thriller,2024,https://m.media-amazon.com/images/M/MV5BYWNiYWU0M2ItM2ZlOC00NDRmLTk0MWQtM2Y2MjAxNjI5MzUzXkEyXkFqcGdeQXVyOTI3MzI4MzA@._V1_FMjpg_UY543_.jpg,HINDI,https://prmovies.loan/shaitaan-2024-Watch-online-full-movie/
2,414756,,Bhimaa (2024) Hindi Dubbed,IMDb: 5.9|2024|143 min,Action|Drama|Dual Audio|South Special,2024,https://m.media-amazon.com/images/M/MV5BM2IzMWQxNTctM2RiOS00NDZjLTkzZDUtNTk1ZjYxYjRjOTJiXkEyXkFqcGdeQXVyMTQ3Mzk2MDg4._V1_FMjpg_UY699_.jpg,HINDI,https://prmovies.loan/bhimaa-2024-hindi-dubbed-Watch-online-full-movie/
1,414780,,Kavita Bhabhi (2024) Season 4 Part 2 (Ullu Originals),IMDb: 6.3|2024|46 min,TV Shows,2024,https://imego.lat/ib/eHdIKCmKuw.jpg,18+,https://prmovies.loan/kavita-bhabhi-2024-season-4-part-2-ullu-originals-Watch-online-full-movie/
